"Position","Score"
1,1
2,0.983606557377049
3,0.983606557377049
4,0.983606557377049
5,0.983606557377049
6,0.983606557377049
7,0.983606557377049
8,0.983606557377049
9,0.983606557377049
10,0.983606557377049
11,0.983606557377049
12,0.983606557377049
13,0.983606557377049
14,0.983606557377049
15,0.868852459016393
16,0.967213114754098
17,1
18,0.983606557377049
19,1
20,0.918032786885246
21,0.983606557377049
22,0.983606557377049
23,0.983606557377049
24,1
25,0.983606557377049
26,0.983606557377049
27,0.983606557377049
28,0.983606557377049
29,0.983606557377049
30,0.983606557377049
31,0.983606557377049
32,0.983606557377049
33,0.983606557377049
34,1
35,0.983606557377049
36,0.967213114754098
37,0.80327868852459
38,0.852459016393443
39,0.426229508196721
40,0.622950819672131
41,0.868852459016393
42,0.967213114754098
43,0.950819672131147
44,0.639344262295082
45,0.836065573770492
46,0.967213114754098
47,0.655737704918033
48,0.967213114754098
49,0.885245901639344
50,0.852459016393443
51,0.901639344262295
52,0.819672131147541
53,0.967213114754098
54,0.721311475409836
55,0.409836065573771
56,0.754098360655738
57,0.688524590163934
58,0.967213114754098
59,0.819672131147541
60,0.934426229508197
61,0.639344262295082
62,1
63,1
64,0.983606557377049
65,1
66,0.934426229508197
67,0.934426229508197
68,0.967213114754098
69,0.819672131147541
70,0.836065573770492
71,0.967213114754098
72,0.885245901639344
73,0.918032786885246
74,0.950819672131147
75,0.508196721311475
76,0.983606557377049
77,0.819672131147541
78,1
79,0.786885245901639
80,0.786885245901639
81,0.639344262295082
82,0.983606557377049
83,0.934426229508197
84,0.934426229508197
85,0.557377049180328
86,0.934426229508197
87,0.967213114754098
88,0.934426229508197
89,0.918032786885246
90,0.786885245901639
91,0.901639344262295
92,0.737704918032787
93,0.622950819672131
94,0.901639344262295
95,1
96,0.819672131147541
97,0.688524590163934
98,1
99,0.967213114754098
100,0.885245901639344
101,0.967213114754098
102,0.885245901639344
103,0.885245901639344
104,1
105,1
106,1
107,1
108,1
109,1
110,0.934426229508197
111,1
112,0.983606557377049
113,0.918032786885246
114,1
115,1
116,1
117,1
118,0.983606557377049
119,0.918032786885246
120,1
121,1
122,0.950819672131147
123,0.950819672131147
124,0.983606557377049
125,0.901639344262295
126,0.983606557377049
127,0.819672131147541
128,0.819672131147541
129,0.983606557377049
130,0.983606557377049
131,1
132,0.967213114754098
133,0.934426229508197
134,0.836065573770492
135,0.901639344262295
136,0.672131147540984
137,0.950819672131147
138,0.704918032786885
139,0.721311475409836
140,0.983606557377049
141,0.688524590163934
142,0.983606557377049
143,0.983606557377049
144,0.934426229508197
145,0.983606557377049
146,0.983606557377049
147,1
148,1
149,0.983606557377049
150,0.967213114754098
151,0.901639344262295
152,0.934426229508197
153,0.967213114754098
154,0.786885245901639
155,0.967213114754098
156,0.934426229508197
157,0.983606557377049
158,0.983606557377049
159,1
160,1
161,1
162,1
163,1
164,1
165,1
166,0.967213114754098
167,1
